PageNumber,Text,ISBNs
1,"Feminist
Bookstore
News IsIyvAlsln
idelines
Ys
August 1988 Volume 11 Number 2
Femin ASe A Anm F32478
This content downloaded from
(cid:0)(cid:0)(cid:0)(cid:0)(cid:0)(cid:0)(cid:0)(cid:0)(cid:0)(cid:0)(cid:0)(cid:0)70.126.145.227 on Sat, 19 Mar 2022 17:41:45 UTC(cid:0)(cid:0)(cid:0)(cid:0)(cid:0)(cid:0)(cid:0)(cid:0)(cid:0)(cid:0)(cid:0)(cid:0)(cid:0)
All use subject to https://about.jstor.org/terms",[]
2,"North Carolina Quilts WOMEN ANALYZE
WOMEN
The French, English, and
American Scene
ELAINE HOFFMAN BARUCH
and LUCIENNE SERRANO
Intimate interviews with the major
women psychoanalytic writers and
thinkers in the world today. $27.95
FEMINIST THOUGHT AND
THE STRUCTURE OF
KNOWLEDGE
MARY M. GERGEN, Editor
“An impressive group of scholars, di-
verse in both nationality and disci-
pline, explore the ramifications of
feminist thought for the social sci-
ences.”—Kay Deux, CUNY Graduate
Center. $35.00
AN ANGEL PASSES
How the Sexes
Became Undivided
STUART SCHNEIDERMAN
A brilliant exploration of angels in
philosophy, theology, and history, by
Along with its appeal as a unique piece of creative work, a well-known Lacanian writer and
every quilt has a story of its own. This lovely book is both a psychoanalyst. $29.95
gallery of quilts crafted between the early 1800s and 1976,
and an informed record of the lives and times of the women
who made them. Vintage photographs from family MY THREE MOTHERS
collections also are included. AND OTHER PASSIONS
SOPHIE FREUD
The 125 quilts featured were chosen from more than 10,000 “Frank, wise, and impassioned. A book
that owners brought to be recorded during the North of marvelous self-awareness and em-
Carolina Quilt Project’s unusually successful series of pathy with others, this book will enrich
documentation days, held during 1985—86 in 75 cities and its readers and inspire many of them to
towns across the state. realize their most caring and most
helpful selves.”—Robert S. Weiss,
141 color + 75 b&w photographs, 81⁄2 X 11, 232 pp. University of Massachusetts. $27.95
$29.95 cloth, $17.50 paper
The University of North Carolina Press
Post Office Box 2288 Chapel Hill, NC 27515-2288 NEW YORK UNIVERSITY PRESS
919-966-3561 Washington Square South, New York, NY 10003
This content downloaded from
(cid:0)(cid:0)(cid:0)(cid:0)(cid:0)(cid:0)(cid:0)(cid:0)(cid:0)(cid:0)(cid:0)(cid:0)70.126.145.227 on Sat, 19 Mar 2022 17:41:45 UTC(cid:0)(cid:0)(cid:0)(cid:0)(cid:0)(cid:0)(cid:0)(cid:0)(cid:0)(cid:0)(cid:0)(cid:0)(cid:0)
All use subject to https://about.jstor.org/terms",[]
3,"The Feminist Bookstore News
it can be even more difficult to find the side-
his is it! lines we want to offer our communities. Because
as nt di c k m e os r rt eo s .r e p - o- s tca el ren sd , a r ts, e ec sa hrd is r, t sb ,u t t jo en ws, e lb ru ym ,p e r c- rystals n A yth e enw ae d r s s b be oc ceo o ocan k nud s nse eel cl m e t Fr io ns Bs gt N i s bc h o o"" am oW s k m s h s eo e p lr ln e eel n ry t s c aa aans n k d le oI d t c g r q e o au t f f e t s ss tt wi ii d mo oen ml ei n e a e nos s v k ? ee ! -r""d - tb hy e
Why carry sidelines? Because they are a an we thought ""There's got to be an easier way
part of our culture and our community and re- to do this!"" And there is: an annual catalog
flect our lives. Because our customers want and collecting all the information we can find into
expect them: buttons for politics, tee-shirts to one place -- a resource for established book-
feel good in, posters to see ourselves on our sellers and a goldmine for new booksellers.
own walls, jewelry that affirms our lives. Be-
cause not everyone reads books. And because we So enjoy! Peruse the pages. Consider where
and our customers want to have aʻgood time and these items would fit into your store. Write for
enjoy our lives all along the way. catalogs. Use the Catalog to make plans for your
winter holiday season orders. Keep it on hand as
And so this catalog of sidelines with a a resource all year around. And when you write
feminist politic. Because as hard as it can be orders, be sure to mention that you saw it in
to track down the books we want in Our stores, FAN.
Volume 11 Number 2 August 1988
This content downloaded from
(cid:0)(cid:0)(cid:0)(cid:0)(cid:0)(cid:0)(cid:0)(cid:0)(cid:0)(cid:0)(cid:0)(cid:0)70.126.145.227 on Sat, 19 Mar 2022 17:41:45 UTC(cid:0)(cid:0)(cid:0)(cid:0)(cid:0)(cid:0)(cid:0)(cid:0)(cid:0)(cid:0)(cid:0)(cid:0)(cid:0)
All use subject to https://about.jstor.org/terms",[]
4,"The Feminist Bookstore News
POLITICAL WOMAN MAGAZINE
LETTERS FROM NICARAGL
FACE OFE D H ma
PHOTOGRAPHY ARTS A PEHB MK BaO UJa n Ie L NS Pyb EYa FEe d G R Fsa R A A AE CkB N AC Ga ShK Yn MNaa A y. :n A a tO a NUeH,R l S I R A SP KUS.L O E VNSIAY
POLITICAL WOMAN is a literary publication that discusses current topics of critical
interest to the woman intellect, voter and/or current event follower.
POLITICAL WOMAN, already popular with libraries and universities has gained
widespread popularity in the past year, because of its regularly featured columns:
government/politics, business/finance, health/science/environment, culture/books/theatre.
Each issue also has humor, insider stories, international newsbriefs, and special exclusive
features.
In recent issues, contributors such as Sarah Brady, Congressman Bob Dornan, ACLU,
Planned Parenthood, and more have ""faced off"" on —abortion, apartheid, contra aid,
euthanasia, aids, pornography, gun control.
POLITICAL WOMAN attracts high income readers that appreciate a more literary style of
journalism.
Each 8 1/2 x 11 journal has a high quality, four-color, perfect bound cover.
ISSN 0896-7202
Ordering information—50% off retail. (Cover price $2.50). Minimum order ten
magazines. (Minimum payment $16.50—$12.50 plus $4.00 shipping—regardless of
quantity. All orders sent C.O.D. unless pre-paid.
Undamaged returns may be credited towards future purchases.
Distributed by United Resource Books, which also distributes a full-line of ""how to"" art
books and CLEARING YOUR CREDIT.
Send order and check to United Resource Books, 629 Terminal Way, Unit 10, Costa
Mesa, California, 92627. Phone orders (714) 631-8339, Fax (714) 642-0165.
August 1988 2 Volume 11 Number 2
This content downloaded from
(cid:0)(cid:0)(cid:0)(cid:0)(cid:0)(cid:0)(cid:0)(cid:0)(cid:0)(cid:0)(cid:0)(cid:0)70.126.145.227 on Sat, 19 Mar 2022 17:41:45 UTC(cid:0)(cid:0)(cid:0)(cid:0)(cid:0)(cid:0)(cid:0)(cid:0)(cid:0)(cid:0)(cid:0)(cid:0)(cid:0)
All use subject to https://about.jstor.org/terms",[]
5,"FBN
E dCitoarr &o l P u bSlieshaejra yA R TSICeLElSling Sidelines 13
AR Videos: Selling & Renting 17
v THE SIDELINES
Mary Colli
Columnists All Images Inc. 10
a BOOKS c S S Beginnings/Alexander 5,7
Canahdiani lCdontrenet nonn'as M u rBrayooks KT Homing Sooke Ú
Gay Men's Literature Jane Troxell na 00 S :
International Books Joni Seager Crystal Mist Glass Carving 15
Mainstream Publishers Sandi Torkildson Gentle Spirit 11
ysteries aren ss :
Mumstreei Publishers Anis MECS Goddess Affirmation Cards/Marzlak 11
SUcnieinvceer sFiitcyti o nP r Seusssa n Knar i sS t uHrgoiosv eGru a tHemanadlawn e aWvOinngSD/RCNalIGabYr e1s8e 16
Young Adult Books Chris tiLnea b Jrenykisn/s MHazeeleHsene T e1es5 13
Office Manager Ladyslipper 14
Lorena'Boswell Les Editions Productions Mauve 7
L inacolrn kLegiAon rof t Le sb ian9s 11
Pat Kelso kier Brown Jewelry 12, 14
Museum Graphics 11
Lorena Boswell Northern Sun Merchandising 19
The Feminist Bookstore News NI LOOB PDS :
45 6 P14thO Str eet #B6ox 882554 Political Women Magazine 2
San Francisco CA 94/88 Pomegranate Press 4
415-626-1556 Positive Images 8,9
ISSN: 0741-6555 Ra inRbeowd w Seoropden t R Eencteorrprdisse s 1144
Scorus Pictures 20
SNS S Spinst Sehorsansa RoTtheaizxert Pihloeto gr a1ph5y 9
ECTrE Swi ngin g B1ridges7 Visuals 9
Australia, New Zealand, India and Japan. Librarians, women's Syracuse Cultu ral Workers 5
s tuidbiesl iho bpookh ii P' apndr fiemsieni the remainder of the ibers. Tree 7
THE FEMINIST BOOKSTORE NEWS is published six times a Universe Books 5
Titeta artisi tna JiS a acmaineemenit ehyida, b Vision Works 11
Aia TIRE ASR EEE D WO ISO t
omDcore
WomonFolk & Jazz 14,15
Volume 11 Number 2 3 August 1988
This content downloaded from
(cid:0)(cid:0)(cid:0)(cid:0)(cid:0)(cid:0)(cid:0)(cid:0)(cid:0)(cid:0)(cid:0)(cid:0)70.126.145.227 on Sat, 19 Mar 2022 17:41:45 UTC(cid:0)(cid:0)(cid:0)(cid:0)(cid:0)(cid:0)(cid:0)(cid:0)(cid:0)(cid:0)(cid:0)(cid:0)(cid:0)
All use subject to https://about.jstor.org/terms",[]
6,"The Feminist Bookstore News
V OMT
f u
Albight-Knox Art Gallery
1989 Engagement Book
SA. Albright-Knox Ga lWlomeenr iny Art 1989 engagement book from the
1989 — ° 29 full color reproductions
endar _| + hardcover, bound with fully concealed wyro
° $11.95 9x7” ISBN 0-87654-293-3
Contemporary Women Artists 1989 wall calendar
° 12 full color plates :
° $895 13⁄4 x 12” ISBN 0 -o8 7 6T54 - 2H47 - XE.
° grid pTahgees wCiothn t pelmentpyo roafr yro o mQ u fioltr w1r9it8i9ng w.all calendar 6b 9 N T E M P O R A R Y
° 12 full d ecsigonleod r b y p shix o ctoontgemrpaoprahrys | of dynamic quilts | O UiT
American women quilters. |
° grid pages with plenty of room for writing
° $995 13⁄4 x 12” ISBN 0-87654-250-X
Pomegranate Calendars celebrates
women in the arts in these three 1989
calendars that feature unique design,
excellent printing and materials, and
sophisticated editorial content. Call or CALENDAR
wrdite iuss fcor otermus nof stale s and. av ailaLble {OR
j POMEGRANATE CALENDARS
R Box 808022 Petaluma CA 94975 (707)765-2005
August 1988 4 Volume 11 Number 2
This content downloaded from
(cid:0)(cid:0)(cid:0)(cid:0)(cid:0)(cid:0)(cid:0)(cid:0)(cid:0)(cid:0)(cid:0)(cid:0)70.126.145.227 on Sat, 19 Mar 2022 17:41:45 UTC(cid:0)(cid:0)(cid:0)(cid:0)(cid:0)(cid:0)(cid:0)(cid:0)(cid:0)(cid:0)(cid:0)(cid:0)(cid:0)
All use subject to https://about.jstor.org/terms","['0-87654-293-3', '0-87654-250-X']"
7,"i The Feminist Bookstore News
auy dla TIOTHE PERELCI GIF
e SYRACUSE CULTURAL WORKERS
1989 Peace Calendar from UNIVER SE
|
WOMEN IN THE ARTS:
A BOOK OF SPECIAL DAYS
Amy E. Bartell A book to record special days
throughout the year, featuring
paintings and prints of women
by notable women artists. Publ.
with the National Museum of
Women in the Arts. 112pp; 6""
x 7""; 12 color illus.; full-color
printed covers; ribbon marker;
shrinkwrapped. 1-55530-758-1
$12.95
Full color. 14x11 folded. (ISBN 0-935155-07-4). List price $8.95
h“S ut mun ann ii tn yg aa nr dt w gor lok b, a l e x ist se un es si v e — n e tt hw iso r ik s in wg h, a tc o n mce akrn es f yo or u r` bSibject | s THE SUBJECT IS WOMEN
calendar shine! It sells quickly in many different NEZ An Engagement Calendar for
1989 with paintings by notable
OUtletS. Shari Basom, SMALL CHANGES, Seattle women artists from the 16th
TOLL FREE NUMBER! 1-800-777-0116 century to the present. Publ.
with the National Museum of
Women in the Arts. 112pp; 51
illus. (26 color); spiral bound
1-55550-117-6. $9.95
THE PREGNANT
WOMAN'S JOURNAL
A date-your-own journal for
moments mothers-to-be want
to remember; includes informa-
tion on diet, exerise, and each
stage of pregnancy and fea-
tures 12 Mary Cassatt paint-
ings. 56pp; 7"" x 8""; illus.; hard
covers and stamped, cloth
spine; sewn binding;
shrinkwrapped. 1-55550-723-9.
$10.00
A béautiful wall calendar of warm & irtimate UNIVERSE Distributed to the trade by St. Martin's
photgraphs celebrating children & parents. Press, 175 Fifth Avenue, New York, N.Y. 10010.
: $7.95 suggested retail. Minimum order 5, Tel: (212) 674-5151
/ $4.00 each + 6% shipping. No retuns. Outside New York City: 1-800-325-5525.
A (503) 241-2449 or (206) 263-2759. Write for complete catalogs of feminist books, calendars, and undated
Lise Alexander, PO Box 506, La Center, WA 98629. record books.
Volume 11 Number 2 5 August 1988
This content downloaded from
(cid:0)(cid:0)(cid:0)(cid:0)(cid:0)(cid:0)(cid:0)(cid:0)(cid:0)(cid:0)(cid:0)(cid:0)70.126.145.227 on Sat, 19 Mar 2022 17:41:45 UTC(cid:0)(cid:0)(cid:0)(cid:0)(cid:0)(cid:0)(cid:0)(cid:0)(cid:0)(cid:0)(cid:0)(cid:0)(cid:0)
All use subject to https://about.jstor.org/terms","['1-55530-758-1', '0-935155-07-4', '1-55550-117-6', '1-55550-723-9']"
8,"Feminist Bookstore News
B@KPEOPLE;
your single source for
calendars this upcoming
holiday season. With over
500 calendars, there is
sure to be one to fill your
Special Holiday
every gift giving need. Of
Ordering Hours
course we have your
favorites:
Everywoman’s Almanac
We will have expanded
telephone hours for ordering Ever'woman’s Calendar
beginning November 14 Monday- Lunar Calendar
Friday, 8am-5pm (PST), and
Women Writers Desk Calendar
3,10 & 17 10am-2pm. Woman's Daybook Engagement
Sara Steele Calendar
In Praise of Women Artists
Calendar
Contemporary Women Artists
Datebook
There’s no per title minimum
and orders of 10 or more
calendars earn a 40% discount.
e
Book Trade orders only please.
Bookpeople, 2929 Fifth St., Berkeley,
CA. Call toll-free: in California, (800)
624-4466; in the continental U.S.,
Bookpeople will be closed (800) 227-1516, to request our
Thanksgiving, November 24 calendar checklist (extra copies
available for in store display).
Volume 11
This content downloaded from
(cid:0)(cid:0)(cid:0)(cid:0)(cid:0)(cid:0)(cid:0)(cid:0)(cid:0)(cid:0)(cid:0)(cid:0)70.126.145.227 on Sat, 19 Mar 2022 17:41:45 UTC(cid:0)(cid:0)(cid:0)(cid:0)(cid:0)(cid:0)(cid:0)(cid:0)(cid:0)(cid:0)(cid:0)(cid:0)(cid:0)
All use subject to https://about.jstor.org/terms",[]
9,"The Feminist Bookstore News
ALENDARS Cos & Posters
A beautiful wall calendar of warm & intimate Les Editions-Productions Mauve We are publishing
photographs celebrating children & parents. Warm art postcards: black and white photographs with
black & white duotone, 11 x 17 wall calendar an occasional touch of mauve. Diane Trepaniere
with big squares for notes & appts. Lots of and Lorraine Carpentier explore various themes:
space for personal photos & mementos. A wonder- women traveling, contact dancer, stone god-
ful gift for parents-to-be, new parents, grand- desses, specific subjects such as witches, poet-
parents, women's health personnel, clinics, & ic landscapes, etc. -You can write us for a
offices. See ad this issue. $7.95 sugg. retail. sample of our 15 different postcards. It will be
Min. order 5, $4.00 each + 6% shipping. No a pleasure to let you discover our products. Les
returns. Lise Alexander, PO Box 506, La Center, Editions-Productions Mauve; C.P. 12, Succ. E.;
WA 98629, (503) 241-2449, (206) 263-2759. Montreal, Quebec H2T 3A5; Canada. Tel: (514) 273-
4674.
A new
triumphant
image of
healing
for women,
doctors,
hospitals,
therapists,
health
practition-
ers ...
17""x24"" black and white. $10.00 retail, $5.00 wholesale or for 5 or more.
$1.50 for shipping on first poster, $.50 for each additional. California residents add appropriate sales tax.
Please make check to: Tree, PO Box 186, Topanga, CA 90290
Volume 11 Number 2 7 August 1988
This content downloaded from
(cid:0)(cid:0)(cid:0)(cid:0)(cid:0)(cid:0)(cid:0)(cid:0)(cid:0)(cid:0)(cid:0)(cid:0)70.126.145.227 on Sat, 19 Mar 2022 17:41:45 UTC(cid:0)(cid:0)(cid:0)(cid:0)(cid:0)(cid:0)(cid:0)(cid:0)(cid:0)(cid:0)(cid:0)(cid:0)(cid:0)
All use subject to https://about.jstor.org/terms",[]
10,"The Feminist Bookstore News
The Embrace Dreams on the Sea
4 cards
Titles in Span-
ish, English,
German, French
& Japanese, on
back of card.
$1.25 @
50%
Postive Images
411 W. 34th St.
Austin, TX
78705
August 1988 Volume 11 Number 2
This content downloaded from
(cid:0)(cid:0)(cid:0)(cid:0)(cid:0)(cid:0)(cid:0)(cid:0)(cid:0)(cid:0)(cid:0)(cid:0)70.126.145.227 on Sat, 19 Mar 2022 17:41:n 1976 12:34:56 UTC
All use subject to https://about.jstor.org/terms",[]
11,"The Feminist Bookstore News
""My cards reflect my feelings for the natural
magic and beauty of our Earth."" Wilderness
scenes and flowers. Retail price $1.00 each.
Wholesale price $0.50 each. Please write for
free catalog. Ellen Samms Burtner, Painter Loop
Press, 17551 Painter- Loop- N.E., “Hubbard, OR
97032.
Photo Postcards! Interesting and eye-catching
images to complement the books in your store. In
Reclaiming b hla uc mk o& r ow uh sit e , t ot h e fse e m ca ir nd is s tv .a r y "" E f vr eo rm y ly pri ic ca tl u a rn ed tells a
our heritage story."" The cards measure 4 1/2 x 6 1/2 inches.
ANCIENT IMAGES OF WOMEN Send a self f-raede d brreoscsheudr e s atnadm pwehdol e seanlev etleormpes . fShoors h aana
High quality POSTERS e NOTECARDS e BOOKMARKS in full colour Rothaizer Photography. 147-44 69th Road Flush-
As we step across time ing, NY 11867.
we meet ourselves Positive Images: four warm beautiful color
in Goddess and Metaphor... cards. These whimsical folk art pieces are ti-
Availabletrom tled: The Embrace, Sis tehr M oiotnl, Miy- lSio li tu:de, &
EN Dreame on the Sea (titles aresmultt-lingual). By
706 College Terrace TEN Kiki Oberstenfeld de Suarez, a German woman
Williamsburg, VA 23185 AUSTRALIA artist living & working in Mexico for the last
(until 31st December, 1988) (ECAA) 10 years. Sample copies free on request. Lim-
WINTER SOLSTICE . CHRISTMAS >»
LESBIAN • FEMINIST . HUMANIST
HOLIDAY GREETING CARDS
SRT for a change
HJ1NIM 30 LIHIdS 1987 MarkArt Studio
S 8e -n cd a r $Md7 .9 5 a s s(ac oh rertc mk eko nr t mA t.o o.) : r f so ir s tt ean r h P o o os dtSe ,r s tm of uu s it eh ,ed l pa ebiaor ćo e ,m s oov ć e iam lse jūn st , t i c so el .iÁdatity,
P.O. Box 241 (WOB) Northland Poster Collective
West Orange, NJ 07052 127 N. Washington Ave:,
OR Minneapolis, MN 55401 |
send 91⁄2"" SASE for free brochure. (612) 332-0776 `
Volume 11 Number 2 9 August 1988
This content downloaded from
(cid:0)(cid:0)(cid:0)(cid:0)(cid:0)(cid:0)(cid:0)(cid:0)(cid:0)(cid:0)(cid:0)(cid:0)70.126.145.227 on Sat, 19 Mar 2022 17:41:45 UTC(cid:0)(cid:0)(cid:0)(cid:0)(cid:0)(cid:0)(cid:0)(cid:0)(cid:0)(cid:0)(cid:0)(cid:0)(cid:0)
All use subject to https://about.jstor.org/terms",[]
12,"I have a lover
who loves me
T™ © 1988
Au All Images, Inc. All Images, Inc. v
#100
PEASANT PAINTING CARDS
Jinshan County is home to some of COSTUME CARDS
China's finest peasant artists. Most are Beautiful, full-color, high quality illus-
women, whose paintings reflect daily CALLIGRAPHY CARDS trations of ancient Chinese clothing,
l ol coi naf c r e a d , l g s ot f orh o dele k p r s s too t odu r cuat kcdh .e ie t r Si tn o ih xn esl s.a d en e Td sch is goc e l na s op e sr ,e f a u sla ll hn - iod ppc pac i et a n dsh ti e o i nn i ngr sich T aBC t a nh oil :ra dTas t ht s eh i C dc Ws o ap a my yeb ,,c r m i Wu a C als o n mh o den m n ig w n e r Hs gr oas l i t da t u g t i Uln he a p.g et i H oI a Wno n lfn c s il , t nu h def d G i e Sn os k a e yo n ,dH d s a t Lpo tupc hcyk ek, , for s #e Bs e ilh m l ge Cao g nnb Bw a sr k 0n ,c o 0 a t i 2s d i s 0i n hen c -sr ia 2g i py r d 5 pd e eg s ,t $d .r e 1 a wc .c D 5h ie i ne 0tnf s hiu i q g d el u an oe ce ze nd . hed e v n s T e si lbg h .oyn e ps ee sCa . n ha d ir Sn ie xa f i v n B dee eor -oy ks.
ACHINA Clouds.Designed by China Books. Grey
A BOOKS ps wt li uo t mc hk - c m ow lei oat rnh ei dn p g l e u nm o vn e l oa bc pac ece skn S, it xs , a n db d el sa in m gk na st ,cin hs inid ge 2 S9 an29 F T rw ane cn ist cy o- ,f o Cu Art h 9 4 S 1t 1r 0eet
& Periodicals, Inc. shipped in dozens.#CB0031-36 $1.50ea. (415) 282-2994
August 1988 10 Volume 11 Number 2
This content downloaded from
(cid:0)(cid:0)(cid:0)(cid:0)(cid:0)(cid:0)(cid:0)(cid:0)(cid:0)(cid:0)(cid:0)(cid:0)70.126.145.227 on Sat, 19 Mar 2022 17:41:45 UTC(cid:0)(cid:0)(cid:0)(cid:0)(cid:0)(cid:0)(cid:0)(cid:0)(cid:0)(cid:0)(cid:0)(cid:0)(cid:0)
All use subject to https://about.jstor.org/terms",[]
13,"The Feminist Bookstore News
ited edition etchings & watercolors also avail- f. C N
$a1b5-$l5e0.. (SCeea rAdd s t:h i s $ i1ss.u2e.5) each, 50% discount; etchings Vision Works
Gentle Spirit cards by Kalli. 35 original de- Cards & Calendars You CAN Dance
signs conveying the spirit of magic, hope, won- Over 600 images IF You CRA TA KU
der and women's friendship. Many selections hand : You CAN Sinc EN
colored. Free illustrated brochure and wholesale Many are imported a
price list. Gentle Spirit, 222 Gunson Street, New catalog available
East Lansing, Michigan 48823, (517) 351-4318. ` | | ——-- ES
Images of Women by Women Photographers.
Fine reproductions of photographs by Imogen
Cunningham, Judy Dater and other famous women
artists in postcard form. Free illustrated bro-
c Ch itu yr e . C AM u 9s 4e 0u 6m 3 . G 4r 1a 5p -h 36ic 8s -, 5 5 P 3O 1. Box 5157, Redwood ZB ZS i- m1 b ab w$1 e . 5 N0 ot e c* ar d 3C
Best Seller 4 3/4"" x 6 1/4""
1989 Calendars -- 40% Off
Modern Goddess Affirmation Cards by Bonnie Women Artist's Diary -- $9.95
Marzlak. These six full color designs, w aYl le (tWomen's Press/London) non-returnable
size (2 1/2 x 4), are reprints of original 3rd World Calendar -- $15.95 (returnable)
watercolors. Each design represents a practical, 3rd World Almanac -- $13.95 (returnable)
healing goddess with a meditative invocation on Houseman's Peace Diary -$7.95 (returnable)
tthice cboavcekr.. EYaocuh wcailrld f cinomd e ts h iisn aa pporpoutleacrt i vnee w plas- (Bread & Roses Theme)
ediFtion rof faeminnist scpiriitua lity . RCetail Aprice P.O Bo9x 3341 116
$1.75 each. Wholesale price 50%. For .brochure/ SK
ord erS f!osrmc: oBo,nn ie M: ar zla(k4, P1O 3 Bo)x 1 662546, 5San- A7m3her7st,5 M A A01 00 4 e àt v
TEE CORINNE/SINISTER WISDOM
POSTER
Bulk Orders: 10+ Posters
$4.50 Each
Single Orders: $6.50 Each
Postage: $1.50 1st Poster.
$.20 Each Additional
Tee Corinne notecards also available
Order from: Lincoln Legion of Lesbians
PO Box 30137
Lincoln, NE 68503
No COD or cash. All foreign orders paid in advance.
Volume 11 Number 2 11 August 1988
This content downloaded from
(cid:0)(cid:0)(cid:0)(cid:0)(cid:0)(cid:0)(cid:0)(cid:0)(cid:0)(cid:0)(cid:0)(cid:0)70.126.145.227 on Sat, 19 Mar 2022 17:41:45 UTC(cid:0)(cid:0)(cid:0)(cid:0)(cid:0)(cid:0)(cid:0)(cid:0)(cid:0)(cid:0)(cid:0)(cid:0)(cid:0)
All use subject to https://about.jstor.org/terms",[]
14,"Тһе Ғетіпіѕё ВооКѕёоге Меүзѕ
Аидиѕх 1988 12 Моите 11 Миптһег 2
This content downloaded from
(cid:0)(cid:0)(cid:0)(cid:0)(cid:0)(cid:0)(cid:0)(cid:0)(cid:0)(cid:0)(cid:0)(cid:0)70.126.145.227 on Sat, 19 Mar 2022 17:41:45 UTC(cid:0)(cid:0)(cid:0)(cid:0)(cid:0)(cid:0)(cid:0)(cid:0)(cid:0)(cid:0)(cid:0)(cid:0)(cid:0)
All use subject to https://about.jstor.org/terms",[]
15,"The Feminist Bookstore News
By Kasha Songer promote the concept of something for everyone.
The Book Garden/Denver Many sidelines are stable throughout the year.
The Book Garden, A Women's Store turned Others are only available Oct. to Jan. This
three years old this August. We are located in a keeps up curiosity and inspires extra trips to
nice residential neighborhood of Denver and have the store.
seen steady growth every year despite Denver's Some basics: jewelry, video rentals, sex
economy this last year. toys and cards bring the most traffic to the
I'm a firm believer in sidelines for two store. Gems and minerals, sex toys, t-shirts and
reasons. Being known for having gift lines by buttons have the best mark-up. Jewelry and video
and for women greatly increases foot traffic by are the most expensive sidelines to bring in.
readers and non-readers alike. The second reason Here's a list of what we currently have to give
is financial. Sideline discounts are higher than you an idea of the variety: crystals and min-
book discounts. erals, crystal pouches, tarot cards, etched
Book discounts average 40%. Sidelines aver- crystalware, posters, cards, music, consignment
age a minimum of 50%. A couple of sidelines are art, t-shirts, candles, incense, buttons, stick-
discounts of 75%. This additional profit margin ers, bumperstickers, enamel pins, sex toys,
is what keeps the Book Garden on her feet finan- stoneware, jewelry (from 7 different jewelers --
cially. Well, nearly on her feet. | tend to see this is my favorite sideline) and games.
the Book Garden's financial feet about as steady As an alleged sideline expert, if you asked
as someone skating on the proverbial thin ice. my advice, and | know you haven't.... Carry as
We carry an average of 20 sidelines that much jewelry as you can afford and display it as
t ba ok ooe k k 2 e5 eup% i n gof )r, o wu or u ldr e t ba eisl ts hpaaa tc e .ls i dMeey li n egssu e as.rs e ( c 3a 0s %ua l of a tt ict sr a c at ni dv e l yy o ua rs sy to ou r e c a pn o. l i tI if c s y ao ru er op ke ar ys o n abal o u p t o l si- ex
toys -- carry them!
The Denver women's community knows fhat for Questions, comments, advice for me, etc.,
t mh ae nir y w asin t 2e 5r sh ido eli ld inay es s ph ao cp kp ei dn g i n w toe tm heay s th oa rv ee . |as gaivre o mue n a dca ll . mKashoas Ston g eor f 30 3 -3t99h-2e00 4 . tI'mime. O
Scoop neck, straight sleeves,
full-cut. 100% cotton,
cotton. S/M/L/XL, machine wash.
Wholesale: $8.00 each,
discount on 12.
p Sh to ut do i eid se n t ai sf ie d T hw ei rth a p W yo ,m e an ' s class Naomi Dagen Bloom
and workshop bringing women's HazelHen Tees
ii dm easa g oe us t, o fh i as ct ao der my e, anar d t , in tomusic, 5504 Greenspring Avenue
the community. Educational Baltimore, MD 21209
hangtag with each tee-shirt. (301) 367-4167
Volume 11 Number 2 13
August 1988
This content downloaded from
(cid:0)(cid:0)(cid:0)(cid:0)(cid:0)(cid:0)(cid:0)(cid:0)(cid:0)(cid:0)(cid:0)(cid:0)70.126.145.227 on Sat, 19 Mar 2022 17:41:45 UTC(cid:0)(cid:0)(cid:0)(cid:0)(cid:0)(cid:0)(cid:0)(cid:0)(cid:0)(cid:0)(cid:0)(cid:0)(cid:0)
All use subject to https://about.jstor.org/terms",[]
16,"The Feminist Bookstore News
EWELRY
Lizzie Brown -- Our wholesale catalog offers a
bountiful selection of our women-inspired jewel-
ry designs in sterling and 14k gold. Lizzie
makes it, Lydia ships it, so your orders are
shipped promptly and cheerfully, at prices your
customers will appreciate. Please see our ad in
this issue.
Our thanks to all of you who have carried
our work this year. For catalog write or call:
Lizzie Brown, P.O. Box 389, Brimfield, MA 01010 '
(ph.) 413-245-9484.
instrumented, The Goddess Catalog: Images of the great Goddess
from Neolithic and Bronze Age Greece.
Terracotta, marble or stone figurines -- ster-
arrangements ling silver jewelry. Exquisitely handcrafted,
from Greece. $2.50 from
for the world’s most complete
WomonFolk & Jazz
P.O. Box 20222
Cincinnati, OH 45220
513/221-5918
$10.50
$11.00 for Ohio orders
(prices include postage) write
Specify LP or cassette. LADYSLIPPER!
PO. BOx 3124 e Durham, NC 27705
(919) 683-1570
Q Redwood Records
Coming in October
Rita MacNeil,
Flying On Your Own
Judy Small, Homefront
And don’t forget Ferron, Holly
Near, Teresa Trull, Ronnie
Gilbert, Deuce, Linda Tillery
and more.
Newon LP's, Cassettes and CD's
Releases
Redwood available from your WILD DISTRIBUTOR. [e25
Redwood Records, 6400 Hollis Street, Suite 8, Emeryville, CA 94608 :
August 1988 14 Volume 11 Number 2
This content downloaded from
(cid:0)(cid:0)(cid:0)(cid:0)(cid:0)(cid:0)(cid:0)(cid:0)(cid:0)(cid:0)(cid:0)(cid:0)70.126.145.227 on Sat, 19 Mar 2022 17:41:45 UTC(cid:0)(cid:0)(cid:0)(cid:0)(cid:0)(cid:0)(cid:0)(cid:0)(cid:0)(cid:0)(cid:0)(cid:0)(cid:0)
All use subject to https://about.jstor.org/terms",[]
17,"Rainbow Serpent Enterprises, 2 Stony Hill Lane,
W. Nyack, NY 10994 SPINSTER
TEXTILES
OFFERING
QUALITY
HANDMADE
Book Bags
The album, Betsy Lippitt, portrays Betsy as a
seasoned multi-faceted musician. Along with
performing, she is a composer, music therapist Shoulder Bags
and member of the West Virginia Symphony Orches-
tra. To order her album or tape contact Womon- Multipurpose Totes
Folk & Jazz, PO Box 20222, Cincinnati, OH 45220.
5 P1 r3/ ic22 e1 - 5 t9 o1 8 . r O er c o c ro dn t ac st t o y ro eu sr W anIL dD d bi ost or kib su tt oor r. es is $5.25 write or call for price list:
plus shipping. PO Box'1545
To schedule concerts or workshops in music Portland, OR 97207
and healing, songwriting, voice, or guitar con- (503) 236-3631/238-0655
tact Betsy at the above address.
N
iiaae at lll imi
Crystal Mist Y Glass Carving
PO Box 186, Guffey, CO 80820
719-689-2290
LABRYS Unique sandcarved
GOLD VINYL DECALS bst oe xm esw , a r ne i, t e lc ir tey ss ,t a els t, c.
CA OR R W AI NN YD O NWFO OR S N, - PB OU RM OP UE SRS ma tO rre ii ag ri cn ha al l l &es b fia an n, tasy
SURFACE
PRE-PACKAGED, IN POLY
BAGS, HOLE-PUNCHED FOR
HANGING DISPLAYS - INSERT
WITH HISTORICAL INFO ABOUT
THIS FEMINIST ICON - $1/EA.
WHOLESALE, 1 DOZ. MIN. ORDER
PLUS $1 POSTAGE/HAND.,
$1.50 P/H FOR 2 DOZ. Send for
C MH AEC ILK S CT O OP L:A U Y 3 MA 1 B B UWL SE ,. T L OO O H: N I O GG V A 4II 3EL 2W 0 2 M AE VES EE . who l &e s ta el re m s .prices
This content downloaded from
(cid:0)(cid:0)(cid:0)(cid:0)(cid:0)(cid:0)(cid:0)(cid:0)(cid:0)(cid:0)(cid:0)(cid:0)70.126.145.227 on Sat, 19 Mar 2022 17:41:45 UTC(cid:0)(cid:0)(cid:0)(cid:0)(cid:0)(cid:0)(cid:0)(cid:0)(cid:0)(cid:0)(cid:0)(cid:0)(cid:0)
All use subject to https://about.jstor.org/terms",[]
18,"The Feminist Bookstore News
Herbal ;
Sweet Dreams
Dream Pillows Sarme |
Goddess Pillow NANS
100% raw silk, screen
printed and individu- NA
woven of handspun, ally painted images
of the Venus of
naturally dyed wool Willendorf 25,000
and fine Irish linen \ B.C. The figure is
stuffed with an
, * exotic blend of
aromatic herbs for
sweet dreams. 14"" sq. from
550, 16"" sq. from $40. Same image
aGvoadildaebslse doonl l sT.-shirts, sachets and soft
love affairs v
SPECIFY: SUG: RETAIL $14.
Reds /Roses WHOLESALE $8.50 eacu
Roses /Mayeritas min. order 1 dozen
Purples/Lavenderz $4. SH!PPINGY/HANDLING
Grange fRusr FOR EACH ORDER
SASE for further information on all 12 blends
Mensixual Goddess
Handwoven ` A symbol of the power and wisdom of our
moon time, created to hold a drop of men-
Bookmarks strual blood within. Individually handmade
| terra-cotta, approx. 1 1/2""tall. Descriptive
100% cotton in rainbows, purples & card included. Starting from $3.75 each de-
other brilliant colorz y pending on quantity.
Labyris and A for Amazon on veverse side of 99
SPECIFY: Ç or 99 oR mixed dozen send inquiries to:
SVG: RETAIL $ 5. eai WHOLESALE $3, eac WOMBCORE
mih. order 1 dozen a collaboration of women
347 1/2 #2 High St.
PREPAID OR C-O.D. only Euge n 5e 0, 3 O -r 6e 8g 6o -n 2 79 07 4401
SAAANA SSNS
Dotty Calabrese -226 Hamilton -Palo Alto, CA 94301 Custom orders are welcome.
415-968-1981 FOR FURTHER INFORMATION
August 1988 Volume 11 Number 2
This content downloaded from
(cid:0)(cid:0)(cid:0)(cid:0)(cid:0)(cid:0)(cid:0)(cid:0)(cid:0)(cid:0)(cid:0)(cid:0)70.126.145.227 on Sat, 19 Mar 2022 17:41:45 UTC(cid:0)(cid:0)(cid:0)(cid:0)(cid:0)(cid:0)(cid:0)(cid:0)(cid:0)(cid:0)(cid:0)(cid:0)(cid:0)
All use subject to https://about.jstor.org/terms",[]
19,"The Feminist Bookstore News
By Kasha Songer * Rural women may rent on the ""out-of-town""
The Book Garden/Denver package -- rent the movie for 4 days and
This is a brief summary of the video work- receive a free mailer for returning the
shop held at ABA-Anahiem,. Included are the theo- movie ASAP!
retical pros and cons, the practical techniques * Deposits are a must!! The size of the de-
and sources. posit should reflect the retail cost of
First the bottom line: Videos are not a replacement. They may leave cash, check, or
high profit sideline. It is a costly sideline to a credit card slip. Yes, you'll get some
invest in and it will pay for itself, but pro- complaints; it doesn't matter, charge the
fits are slim. On the positive side, videos deposit anyway. One day | trusted two of my
bring an entire new group of foot traffic into best big-spending customers and didn't
your store. You will attract non-readers and bother them with the trouble of a deposit.
many new women who have never heard of your That mistake in judgement cost me two
store until they see some great lesbian movie at videos and two of my best customers.
a party. * Protect yourself!! Movies will disappear
My store, The Book Garden, is in Denver from your desk, from the back shelves of
which has two large gay and lesbian video stores your office and from your front counter if
and my videos still rent well enough to carry. you turn you head, so keep the cassettes in
If you are too near a good video store I'd a safe place, out of sight (you'll probably
hesitate to compete. Even the best of video want to use the case for display.) i
stores will not carry some of those important * Video sales should be prepaid special
films that need to be seen. So, that's another orders. It's too expensive to stock videos
consideration. for sale. They are generally slow sellers,
too.
The stores at this meeting who carry videos
all had similar policies: Movie subject interest varies. Some stores
* Daily rental $2.50 to $4.00 depending on do best with feminist films, others do better
your area. with lesbian erotica films. Below is a beginning
list of suppliers. Check around with other
stores for more video vendors. Some stores carry
twice as many videos as this list supplies.
Tri-Image Productions
PO Box 15911
Long Beach, CA 90815-0911
- Images & Reflections.
our long awaited home video collection.
Tigress Productions
F t tH no r ir ai mi m t bt ieh u oa .e nl .t .a e P 'l y so ow a pt s oo up . n.r l.i a a lc o ye r n so ef c l d ei i$ - s so5 f b t9 fi. i r9 a5 i n bt t - h h u- tr e aA o i nn l rdl l e e a rd a ov d. f f.e . ein a n mt u g e r il xe ne c s Bi i ln b s ul t i a st a ch i n vke t ei t ls yj lo a e za s zp f e f s mo rip on ime ngr ie sa r t. ts. . h a meof e d io au .r P FC -O ao n tB tao Ex at si r , y4 8 o 0 C t DA i ac n c9 e4 i rn9 .2 8 Nature, Where There's Smoke and
wS d rp i is te ecc o i fua orl n t ms oi rx t e o it n fi bt oo rl me o k a tiss ott noa .r rt ee s r i np a c tk imag ee fa ov ra i la tb hl ee ha ot li da a y4 s0 .% Call or 8P 1e 0g 5 Y Wor . k i Tn h i rP dr o d Su t.c t i So un is te #1
Los Angeles, CA 90048
PEEVE CS SI OZAN STA ILSA CAES - N.O.W.'s 20th Anniversary.
Volume 11 Number 2 August 1988
This content downloaded from
(cid:0)(cid:0)(cid:0)(cid:0)(cid:0)(cid:0)(cid:0)(cid:0)(cid:0)(cid:0)(cid:0)(cid:0)70.126.145.227 on Sat, 19 Mar 2022 17:41:45 UTC(cid:0)(cid:0)(cid:0)(cid:0)(cid:0)(cid:0)(cid:0)(cid:0)(cid:0)(cid:0)(cid:0)(cid:0)(cid:0)
All use subject to https://about.jstor.org/terms",[]
20,"Blush Production May Sarton.
PO Box 421916
San Francisco, CA 94142 Home Vision
5547 N. Ravenswood Ave
Chicago, IL 60640-1199
Pop Video - O'Keeffe.
PO Box 60862
Washington, D.C. 20039 East Texas Dist.
. Houston, TX 1-800-231-6648.
OM na ele U E nn it te er dt a Nin am tie on nt s N Ple at zw aork P D Nh e eno we v n e r Oix , r , l eC aA O nZ s ,1 1 - L- 88 A00 0 0 - - 8 12 4 -3 831 0-- 1 05 3 -3 231 354 1.. -1890.
San Francisco, CA 94102 San Diego, CA 1-800-443-8828.
- Gay Games: The Highlights, Women's Power- Greensboro, NC 1-800-321-5999.
Gliafmteisn gIl.: Gay Games l and Women's Physique: Gay - IM saa br et li ln e,a - F Ait n Qe uss ta in ond C ofo n d Sii lt ei non cein g D, sT eh re tr e Hse ra tn sd
e s , e e a ,
BC 18 oe 0n u0 lt r ee 3 0 tP hr o d S u t c 8rt 0ei e 3o t 0n Inc. DTP eoe simr gs nlo i n n ana dl S p EB nee tcs rit ea , l N- V oT uoh sl .e . IL ,a d Ei xes t r eC mlu ib t, ie sS , t e La im anin ng a,, BL yily
d r , C O 1
- The Art of Seif Defense for Women. Naiad Press
BIs ot xa r 5 1F i l Rm ts . 311 TPO al lM aB ho ax ss e 1 e,0 5 4 F3 Lo 32302on. O
Patterson, NY 12563 - Heroines, Desert Hearts, and Waiting for the
IENS
Silhouette of Guatemalan Women against 4-
Color Background. (Red, Yellow, Black,
Green) 100% Cotton T-Shirt. Minimum Order
1 Dozen. Portion of Proceeds Benefit Guata-
malan Relief Efforts. Cost of $6.50 per shirt;
Suggested Retail $13.00. Please add 6% of
total order for postage and handling,. Specify
sizes (S, M, L, XL) and amount. Make check
payable to: Kerry Anne Ridley. TO ORDER
CALL (512) 477-6523 or WRITE 1616 Water-
ston, Austin, Texas 78703. Allow 2-3 wks
delivery. Future orders at net 30 days.
18 Volume 11 Number 2
August 1988
This content downloaded from
(cid:0)(cid:0)(cid:0)(cid:0)(cid:0)(cid:0)(cid:0)(cid:0)(cid:0)(cid:0)(cid:0)(cid:0)70.126.145.227 on Sat, 19 Mar 2022 17:41:45 UTC(cid:0)(cid:0)(cid:0)(cid:0)(cid:0)(cid:0)(cid:0)(cid:0)(cid:0)(cid:0)(cid:0)(cid:0)(cid:0)
All use subject to https://about.jstor.org/terms","['0 0 0 - - 8 1', '3 831 0-- 1 0']"
21,"The Feminist Bookstore News
WORK GLOVES FOR WOMEN
women’s sizes S-M-L
/ EE-SHIRTS lined & unlined suede pigskin
also
aI nf d y co ou n th ea mv pe o rb ae re yn tl -o so hk ii rn tg l if no er ga e a d ri ev de r ts oe w, ao rr di sg i n thal e T-SHIRTS & SWEATSHIRTS
fle ls yb i a Gn r/ af pe hm ici sn i s nt o w m a hr ak se t o.. v. e rh e r 2e 0 w exe c itar ine g! D ar na dg o pn o- pu- all featuring the womanswork logo
lar designs which have already been test-market-
ed to ensúre you just the best sellers. Our
current line includes tanks, tees, boxer shorts,
and sweats... all 100% cotton! (except the
sweats)
See the quality for yourself by writing
today for our catalog/wholesale price list and
receive a free t-shirt (or tank or shorts...you
tell us which) just for inquiring. Don't forget
that we specialize in custom screenprinting and
can print your logo on t-shirts, bags, pens, and
o int foh .er fun stuff. Call collect/write for more FREE RD w om5an3sw9orKk dept. F B
ville, F D Lr a 3g 2o 6n 0f 1l ,y ( 9G 0r 4a ) p h 3i 7c 5s -, 2 11 49 4 . SW 2 Street, Gaines- So. Berwick, Maine 03908
Behind Every Products For Progressives
Succe s iss f u Hl e rW seo lfman T-SHIRTS, BUTTONS
POSTERS, TAPES,
EVERYTHING...
EMMA GOLDMAN
NORTHERN SUN MERCHANDISING
2916 E. Lake St. SAVE THE BABY SEALS
Mpls. MN 55406 N SNAN
(612) 729-2001
(wholesale/retail prepaid or COD) | /
cD overly sensitive
- O unco Dn senssitivceious AND BE NICE
o pig faced jerk TO THE GROWNUPS3 Too
Volume 11 Number 2 19 August 1988
This content downloaded from
(cid:0)(cid:0)(cid:0)(cid:0)(cid:0)(cid:0)(cid:0)(cid:0)(cid:0)(cid:0)(cid:0)(cid:0)70.126.145.227 on Sat, 19 Mar 2022 17:41:45 UTC(cid:0)(cid:0)(cid:0)(cid:0)(cid:0)(cid:0)(cid:0)(cid:0)(cid:0)(cid:0)(cid:0)(cid:0)(cid:0)
All use subject to https://about.jstor.org/terms",[]
22,"The Feminist Bookstore News
WINNER Best Actress
1988 Seattle International Film Festival
“‘Shame' takes you on a wild little ride into the heart of the sexual battleground.
The result is action packed, plenty harrowing and very satisfying.”
-David Ansen, Newsweek
ASSA
“There hasn'tbeenan , ` \“Deborra-Lee Furness
action heroine of this caliber since ; is a smart, sensitive, unsettling
Sigourney Weaver did battle macho heroine.”
with the mother from another planet."" -Caryn James, New York Times
-J. Hoberman, Village Voice
“Furness-part
“‘Shame' appeals to
femme fatale, part feminist avenger
primal instincts...makes you take ` —is a stunner.”
a fresh look at the glo roiff i cmataicohnismo.” -Peter Travers, People Magazine
-Chris Chase, NY Daily News
“This summer's female
“The most anti-macho film around” super-heroine is the elegantly sexy
-Joy Gould Boyum, Glamour Deborra-Lee Furness.
A provocative film...unabashed
“Shame may be the most powerful _ feminist melodrama!
movie you see this year.” -Julie Salamon, Wall Street Journal
-Lynn Minton, Parade Magazine
COMING SOON TO A THEATRE NEAR YOU.
August 1988 20 Volume 11 Number 2
This content downloaded from
(cid:0)(cid:0)(cid:0)(cid:0)(cid:0)(cid:0)(cid:0)(cid:0)(cid:0)(cid:0)(cid:0)(cid:0)70.126.145.227 on Sat, 19 Mar 2022 17:41:45 UTC(cid:0)(cid:0)(cid:0)(cid:0)(cid:0)(cid:0)(cid:0)(cid:0)(cid:0)(cid:0)(cid:0)(cid:0)(cid:0)
All use subject to https://about.jstor.org/terms",[]
23,"Women's bookstore, established for ten years, Need help? Experienced manuscript reader and
available for $40,000 + inventory (approx. editor (reader, editor for literary agency, B.A.
$60,000). Owner wants to sell by June 1989. English, Masters Library Science, Columbia Uni-
College community. Serious inquiries only; versity) available for all phases of edtorial
please include financial statement. Write to Jil work, including evaluation, ghostwriting. Also
Krolak, Womonfyre Books, 22 Center Street, North bibliographies, all research. Fees on request.
Hampton MA 01060. Call Jori Ranhand at 718-429-4728, or leave
message.
The Bibliotective Agency is a search service for
rare and out-of-print books. Free until book Dreams & Shadows: Sudie Rakusin has created
found. R.R. #1, Box 262, Leo, IN 46765. another beautiful book, 224-8x11 pages, 50 new
drawings, space for journal keeping. $17.95. 40%
bookstore discount. Sudie Rakusin, PO Box 648
Need a Sales Rep? -- SF Bay Area & N,.CA repre- Rt. 3, Arthur Minnis Rd., Hillsborough NC 27278.
sentation for lesbian, gay, feminist, and
p A 31r c 8o t 4g iv ,r ee s O s a ai c kv c le t a s n .c d u ,Ll t eu Ctr ' Ase . t 9 aC 4l 6ia kr 0.d 9 s D - . -& R 4p . 1 a 5 p P -e 6ar g 5 a 8 n -g 7oo 7,o 2d 6Ps . O o n Bl oy x. dF iB sN co u C nl ta s s fi of rie d 3 + A d ins s e$ r2 t i op ne sr p2 a5 i d c h atar a oc nte er s t. im 2 e5 .%
Payment must accompany ad. Send to FBN, PO Box
882554, San Francisco CA 94188. O
*
*
[ Owned and operated by women
FBNN, PaO mBOX 8e8255 4, SADN FRA NWCISCO, o CAm 94188en’s studies teacher and me E nCo-owned and run by women
Business Name D Writ Eel r L ib rDar i IF/Weme airen iessptec i alflyi cinttieorensted in:
Address D Bookseller D Lesbian fiction
: : D Publisher D Lesbian non-fiction
City/State/Zip El Perpdjal [J Feminist theory and politics
Phone: E Crafiswomen D Women’s studies titles
D Histo!
[N One Year - $50. Check enclosed. D Other O Hih
[[HN O nSep eYceiaarl - T $r5i5a. l B iOll f ufse. r B oIosk s tyoroeus,r P ufbolicshuesr s , p arnidm Paerriiloydi:c a lDs — G aDy W ommeenn ’ sa n dl i tweorrakture
1/2 year - $:2 5 CDhe ck G encaloysed . DD F em iCnisth [iDl dPearce e annd ’ san ti -nbukoe o bokkss
3 fi nal :
N + $13 for internatio: postage. E Akernative/palitical [J Other
[I + $6 for Canadian postage. E General independent bookstore
This content downloaded from
(cid:0)(cid:0)(cid:0)(cid:0)(cid:0)(cid:0)(cid:0)(cid:0)(cid:0)(cid:0)(cid:0)(cid:0)70.126.145.227 on Sat, 19 Mar 2022 17:41:45 UTC(cid:0)(cid:0)(cid:0)(cid:0)(cid:0)(cid:0)(cid:0)(cid:0)(cid:0)(cid:0)(cid:0)(cid:0)(cid:0)
All use subject to https://about.jstor.org/terms",[]
24,"F D. ress
P.O. BOX 10543
TALLAHASSEE,
ISBN: 0-941483-20-7 (F 9L 0O 4)R I 5D 3A 9 - 93 32 23 202
This content downloaded from
(cid:0)(cid:0)(cid:0)(cid:0)(cid:0)(cid:0)(cid:0)(cid:0)(cid:0)(cid:0)(cid:0)(cid:0)70.126.145.227 on Sat, 19 Mar 2022 17:41:45 UTC(cid:0)(cid:0)(cid:0)(cid:0)(cid:0)(cid:0)(cid:0)(cid:0)(cid:0)(cid:0)(cid:0)(cid:0)(cid:0)
All use subject to https://about.jstor.org/terms",['0-941483-20-7']
